{
	"Address": "MultiAddress",
	"LookupSource": "MultiAddress",
	"CertificateId": "AccountId",
	"Application": {
		"candidate": "AccountId",
		"candidate_deposit": "Balance",
		"metadata": "Vec<u8>",
		"challenger": "Option<AccountId>",
		"challenger_deposit": "Balance",
		"votes_for": "Balance",
		"voters_for": "Vec<(AccountId, Balance)>",
		"votes_against": "Balance",
		"voters_against": "Vec<(AccountId, Balance)>",
		"created_block": "BlockNumber",
		"challenged_block": "BlockNumber"
	},
	"RootCertificate": {
		"owner": "AccountId",
		"key": "CertificateId",
		"created": "BlockNumber",
		"renewed": "BlockNumber",
		"revoked": "bool",
		"validity": "BlockNumber",
		"child_revocations": "Vec<CertificateId>"
	},
	"Amendment": "Call",
	"ListVestingScheduleOf": "Vec<VestingScheduleOf>",
	"VestingScheduleOf": {
		"start": "BlockNumber",
		"period": "BlockNumber",
		"period_count": "u32",
		"per_period": "Balance"
	},
	"SessionIndex": "u32",
	"SpanIndex": "u32",
	"RewardPoint": "u32",
	"Bond": {
		"owner": "AccountId",
		"amount": "Balance"
	},
	"OrderedSet": "Vec<Bond>",
	"UnlockChunk": {
		"value": "Balance",
		"session_idx": "SessionIndex"
	},
	"StakeReward": "UnlockChunk",
	"ValidatorStatus": {
		"_enum": [
			"Active",
			"Idle",
			"Leaving"
		]
	},
	"Validator": {
		"id": "AccountId",
		"bond": "Balance",
		"nomi_bond_total": "Balance",
		"nominators": "OrderedSet",
		"total": "Balance",
		"state": "ValidatorStatus",
		"unlocking": "Vec<UnlockChunk>"
	},
	"ValidatorSnapshot": {
		"bond": "Balance",
		"nominators": "Vec<Bond>",
		"total": "Balance"
	},
	"Nominator": {
		"nominations": "OrderedSet",
		"total": "Balance",
		"active_bond": "Balance",
		"frozen_bond": "Balance",
		"unlocking": "Vec<UnlockChunk>"
	},
	"UnappliedSlash": {
		"validator": "AccountId",
		"own": "Balance",
		"others": "Vec<(AccountId, Balance)>",
		"reporters": "Vec<AccountId>",
		"payout": "Balance"
	},
	"SlashingSpan": {
		"index": "SpanIndex",
		"start": "SessionIndex",
		"length": "Option<SessionIndex>"
	},
	"SlashingSpans": {
		"span_index": "SpanIndex",
		"last_start": "SessionIndex",
		"last_nonzero_slash": "SessionIndex",
		"prior": "Vec<SessionIndex>"
	},
	"SpanRecord": {
		"slashed": "Balance",
		"paid_out": "Balance"
	}
}
